"","Country.name","year","Life.Ladder","Log.GDP.per.capita","Social.support","Healthy.life.expectancy.at.birth","Freedom.to.make.life.choices","Generosity","Perceptions.of.corruption","Positive.affect","Negative.affect"
"10","Albania",2011,5.867,9.331,0.759,66.68,0.487,-0.205,0.877,0.628,0.257
"11","Albania",2012,5.51,9.347,0.785,66.96,0.602,-0.169,0.848,0.607,0.271
"12","Albania",2013,4.551,9.359,0.759,67.24,0.632,-0.127,0.863,0.634,0.338
"13","Albania",2014,4.814,9.378,0.626,67.52,0.735,-0.025,0.883,0.685,0.335
"14","Albania",2015,4.607,9.403,0.639,67.8,0.704,-0.081,0.885,0.688,0.35
"15","Albania",2016,4.511,9.437,0.638,68.1,0.73,-0.017,0.901,0.675,0.322
"16","Albania",2017,4.64,9.476,0.638,68.4,0.75,-0.029,0.876,0.669,0.334
"17","Albania",2018,5.004,9.518,0.684,68.7,0.824,0.009,0.899,0.713,0.319
"18","Albania",2019,4.995,9.544,0.686,69,0.777,-0.099,0.914,0.681,0.274
"19","Albania",2020,5.365,9.497,0.71,69.3,0.754,0.007,0.891,0.679,0.265
"31","Argentina",2011,6.776,10.112,0.889,67.48,0.816,-0.174,0.755,0.84,0.232
"32","Argentina",2012,6.468,10.091,0.902,67.66,0.747,-0.148,0.817,0.857,0.272
"33","Argentina",2013,6.582,10.103,0.91,67.84,0.737,-0.13,0.823,0.842,0.254
"34","Argentina",2014,6.671,10.067,0.918,68.02,0.745,-0.164,0.854,0.857,0.238
"35","Argentina",2015,6.697,10.083,0.926,68.2,0.881,-0.174,0.851,0.859,0.305
"36","Argentina",2016,6.427,10.051,0.883,68.4,0.848,-0.192,0.851,0.842,0.312
"37","Argentina",2017,6.039,10.067,0.907,68.6,0.832,-0.186,0.841,0.809,0.292
"38","Argentina",2018,5.793,10.032,0.9,68.8,0.846,-0.211,0.855,0.82,0.321
"39","Argentina",2019,6.086,10,0.896,69,0.817,-0.211,0.83,0.826,0.319
"40","Argentina",2020,5.901,9.85,0.897,69.2,0.823,-0.122,0.816,0.764,0.342
"50","Australia",2011,7.406,10.733,0.967,72.3,0.945,0.369,0.382,0.816,0.195
"51","Australia",2012,7.196,10.754,0.945,72.4,0.935,0.274,0.368,0.811,0.214
"52","Australia",2013,7.364,10.762,0.928,72.5,0.933,0.269,0.432,0.819,0.177
"53","Australia",2014,7.289,10.772,0.924,72.6,0.923,0.319,0.442,0.775,0.245
"54","Australia",2015,7.309,10.779,0.952,72.7,0.922,0.332,0.357,0.79,0.21
"55","Australia",2016,7.25,10.791,0.942,73,0.922,0.239,0.399,0.791,0.236
"56","Australia",2017,7.257,10.798,0.95,73.3,0.911,0.317,0.411,0.78,0.225
"57","Australia",2018,7.177,10.811,0.94,73.6,0.916,0.146,0.405,0.759,0.187
"58","Australia",2019,7.234,10.815,0.943,73.9,0.918,0.121,0.43,0.77,0.202
"59","Australia",2020,7.137,10.76,0.937,74.2,0.905,0.21,0.491,0.769,0.205
"60","Austria",2011,7.471,10.887,0.944,71.54,0.939,0.132,0.703,0.789,0.145
"61","Austria",2012,7.401,10.889,0.945,71.68,0.92,0.118,0.771,0.822,0.157
"62","Austria",2013,7.499,10.883,0.95,71.82,0.922,0.168,0.679,0.787,0.163
"63","Austria",2014,6.95,10.882,0.899,71.96,0.885,0.118,0.567,0.78,0.17
"64","Austria",2015,7.076,10.881,0.928,72.1,0.9,0.099,0.557,0.798,0.164
"65","Austria",2016,7.048,10.891,0.926,72.4,0.889,0.08,0.524,0.756,0.197
"66","Austria",2017,7.294,10.908,0.906,72.7,0.89,0.133,0.518,0.748,0.18
"67","Austria",2018,7.396,10.928,0.912,73,0.904,0.053,0.523,0.752,0.226
"68","Austria",2019,7.195,10.939,0.964,73.3,0.903,0.06,0.457,0.774,0.205
"69","Austria",2020,7.213,10.851,0.925,73.6,0.912,0.011,0.464,0.769,0.206
"88","Bangladesh",2011,4.986,8.018,0.606,61.12,0.838,-0.069,0.757,0.685,0.235
"89","Bangladesh",2012,4.724,8.07,0.582,61.54,0.668,-0.034,0.765,0.714,0.183
"90","Bangladesh",2013,4.66,8.116,0.53,61.96,0.742,-0.016,0.743,0.619,0.246
"91","Bangladesh",2014,4.636,8.164,0.577,62.38,0.736,-0.098,0.789,NA,0.231
"92","Bangladesh",2015,4.633,8.216,0.601,62.8,0.815,-0.068,0.721,0.635,0.226
"93","Bangladesh",2016,4.556,8.274,0.649,63.3,0.875,-0.089,0.688,0.56,0.235
"94","Bangladesh",2017,4.31,8.334,0.713,63.8,0.896,0.012,0.635,0.569,0.214
"95","Bangladesh",2018,4.499,8.399,0.706,64.3,0.901,-0.043,0.701,0.541,0.361
"96","Bangladesh",2019,5.114,8.467,0.673,64.8,0.902,-0.051,0.656,0.537,0.369
"97","Bangladesh",2020,5.28,8.472,0.739,65.3,0.777,-0.009,0.742,0.582,0.332
"107","Belgium",2011,7.111,10.783,0.937,70.92,0.88,-0.014,0.711,0.835,0.225
"108","Belgium",2012,6.935,10.784,0.927,71.04,0.855,-0.05,0.758,0.82,0.238
"109","Belgium",2013,7.104,10.784,0.909,71.16,0.891,0.017,0.574,0.797,0.217
"110","Belgium",2014,6.855,10.795,0.944,71.28,0.861,0.001,0.512,0.798,0.252
"111","Belgium",2015,6.904,10.81,0.885,71.4,0.869,0.062,0.469,0.805,0.24
"112","Belgium",2016,6.949,10.819,0.929,71.6,0.866,-0.056,0.497,0.765,0.26
"113","Belgium",2017,6.928,10.834,0.922,71.8,0.857,0.054,0.543,0.786,0.234
"114","Belgium",2018,6.892,10.844,0.93,72,0.808,-0.125,0.63,0.75,0.25
"115","Belgium",2019,6.772,10.853,0.884,72.2,0.776,-0.172,0.672,0.733,0.244
"116","Belgium",2020,6.839,10.771,0.904,72.4,0.767,-0.164,0.634,0.647,0.26
"118","Benin",2011,3.87,7.904,0.477,51.98,0.773,-0.142,0.849,0.626,0.219
"119","Benin",2012,3.193,7.923,0.523,52.26,0.769,-0.111,0.806,0.583,0.231
"120","Benin",2013,3.479,7.964,0.577,52.54,0.783,-0.085,0.856,0.702,0.216
"121","Benin",2014,3.347,7.998,0.506,52.82,0.776,-0.096,0.855,0.59,0.273
"122","Benin",2015,3.625,7.988,0.434,53.1,0.733,-0.027,0.85,0.592,0.373
"123","Benin",2016,4.007,7.993,0.493,53.5,0.78,-0.065,0.838,0.608,0.456
"124","Benin",2017,4.853,8.021,0.436,53.9,0.727,-0.065,0.767,0.615,0.458
"125","Benin",2018,5.82,8.059,0.504,54.3,0.713,0.002,0.747,0.647,0.468
"126","Benin",2019,4.976,8.098,0.442,54.7,0.77,-0.016,0.698,0.659,0.441
"127","Benin",2020,4.408,8.102,0.507,55.1,0.783,-0.083,0.532,0.609,0.305
"131","Bolivia",2011,5.779,8.831,0.817,61.34,0.782,-0.039,0.825,0.761,0.361
"132","Bolivia",2012,6.019,8.865,0.781,61.68,0.862,-0.015,0.84,0.782,0.409
"133","Bolivia",2013,5.767,8.915,0.803,62.02,0.846,-0.067,0.812,0.759,0.41
"134","Bolivia",2014,5.865,8.953,0.821,62.36,0.881,0.018,0.832,0.809,0.398
"135","Bolivia",2015,5.834,8.985,0.829,62.7,0.884,-0.03,0.862,0.786,0.393
"136","Bolivia",2016,5.77,9.012,0.796,63,0.882,-0.047,0.853,0.783,0.376
"137","Bolivia",2017,5.651,9.039,0.779,63.3,0.884,-0.12,0.819,0.698,0.434
"138","Bolivia",2018,5.916,9.066,0.827,63.6,0.863,-0.093,0.786,0.742,0.387
"139","Bolivia",2019,5.674,9.074,0.784,63.9,0.881,-0.086,0.857,0.751,0.419
"140","Bolivia",2020,5.559,8.998,0.805,64.2,0.877,-0.054,0.868,0.79,0.382
"141","Bosnia and Herzegovina",2011,4.995,9.333,0.725,66.74,0.333,-0.035,0.925,0.596,0.326
"142","Bosnia and Herzegovina",2012,4.773,9.342,0.779,66.78,0.42,-0.013,0.953,0.548,0.338
"143","Bosnia and Herzegovina",2013,5.124,9.382,0.767,66.82,0.39,0.042,0.97,0.544,0.315
"144","Bosnia and Herzegovina",2014,5.249,9.411,0.788,66.86,0.412,0.232,0.976,0.531,0.262
"145","Bosnia and Herzegovina",2015,5.117,9.457,0.656,66.9,0.631,-0.055,0.96,0.534,0.286
"146","Bosnia and Herzegovina",2016,5.181,9.5,0.808,67.2,0.633,0.134,0.957,0.641,0.304
"147","Bosnia and Herzegovina",2017,5.09,9.532,0.775,67.5,0.564,0.092,0.923,0.597,0.271
"148","Bosnia and Herzegovina",2018,5.887,9.576,0.836,67.8,0.659,0.123,0.913,0.643,0.277
"149","Bosnia and Herzegovina",2019,6.016,9.609,0.873,68.1,0.722,0.079,0.963,0.633,0.238
"150","Bosnia and Herzegovina",2020,5.516,9.583,0.899,68.4,0.74,0.138,0.916,0.644,0.325
"160","Brazil",2011,7.038,9.637,0.916,64.76,0.834,-0.072,0.662,0.807,0.268
"161","Brazil",2012,6.66,9.647,0.89,65.02,0.849,NA,0.623,0.755,0.35
"162","Brazil",2013,7.14,9.668,0.91,65.28,0.785,-0.095,0.707,0.818,0.276
"163","Brazil",2014,6.981,9.664,0.898,65.54,0.714,-0.115,0.71,0.788,0.274
"164","Brazil",2015,6.547,9.62,0.907,65.8,0.799,-0.016,0.771,0.755,0.325
"165","Brazil",2016,6.375,9.578,0.912,66,0.807,-0.1,0.781,0.763,0.302
"166","Brazil",2017,6.333,9.583,0.905,66.2,0.765,-0.175,0.794,0.716,0.308
"167","Brazil",2018,6.191,9.589,0.882,66.4,0.751,-0.117,0.763,0.75,0.35
"168","Brazil",2019,6.451,9.592,0.899,66.6,0.83,-0.062,0.762,0.761,0.337
"169","Brazil",2020,6.11,9.522,0.831,66.8,0.786,-0.053,0.729,0.692,0.389
"170","Bulgaria",2011,3.875,9.795,0.86,65.8,0.664,-0.228,0.948,0.534,0.271
"171","Bulgaria",2012,4.222,9.804,0.838,65.9,0.641,-0.172,0.938,0.573,0.237
"172","Bulgaria",2013,3.993,9.813,0.829,66,0.603,-0.191,0.962,0.623,0.278
"173","Bulgaria",2014,4.438,9.838,0.886,66.1,0.576,-0.055,0.955,0.628,0.236
"174","Bulgaria",2015,4.865,9.883,0.908,66.2,0.637,-0.2,0.941,0.643,0.214
"175","Bulgaria",2016,4.838,9.928,0.926,66.4,0.7,-0.17,0.936,0.622,0.172
"176","Bulgaria",2017,5.097,9.969,0.942,66.6,0.689,-0.154,0.911,0.614,0.189
"177","Bulgaria",2018,5.099,10.007,0.924,66.8,0.724,-0.176,0.952,0.639,0.189
"178","Bulgaria",2019,5.108,10.047,0.948,67,0.822,-0.109,0.943,0.663,0.2
"179","Bulgaria",2020,5.598,9.991,0.916,67.2,0.818,-0.004,0.901,0.706,0.221
"192","Cambodia",2011,4.161,7.96,0.716,58.88,0.927,0.418,0.775,0.799,0.308
"193","Cambodia",2012,3.899,8.014,0.606,59.26,0.956,0.247,0.89,0.82,0.352
"194","Cambodia",2013,3.674,8.068,0.651,59.64,0.941,0.164,0.812,0.792,0.44
"195","Cambodia",2014,3.883,8.121,0.693,60.02,0.938,0.239,0.843,0.783,0.482
"196","Cambodia",2015,4.162,8.173,0.729,60.4,0.956,0.21,0.825,0.813,0.399
"197","Cambodia",2016,4.461,8.225,0.746,60.8,0.958,0.076,0.84,0.839,0.398
"198","Cambodia",2017,4.586,8.276,0.765,61.2,0.964,0.088,0.821,0.799,0.408
"199","Cambodia",2018,5.122,8.333,0.795,61.6,0.958,0.036,NA,0.845,0.414
"200","Cambodia",2019,4.998,8.387,0.759,62,0.957,0.013,0.828,0.844,0.39
"201","Cambodia",2020,4.377,8.362,0.724,62.4,0.963,0.052,0.863,0.878,0.39
"202","Cameroon",2011,4.434,8.048,0.738,48.7,0.817,-0.029,0.87,0.598,0.272
"203","Cameroon",2012,4.245,8.065,0.743,49.1,0.766,-0.032,0.898,0.618,0.284
"204","Cameroon",2013,4.271,8.09,0.76,49.5,0.794,-0.03,0.867,0.681,0.268
"205","Cameroon",2014,4.24,8.12,0.778,49.9,0.795,-0.071,0.856,0.623,0.216
"206","Cameroon",2015,5.038,8.149,0.646,50.3,0.791,0.049,0.868,0.651,0.346
"207","Cameroon",2016,4.816,8.167,0.659,51.1,0.713,-0.003,0.879,0.662,0.367
"208","Cameroon",2017,5.074,8.176,0.695,51.9,0.767,-0.028,0.844,0.632,0.377
"209","Cameroon",2018,5.251,8.19,0.677,52.7,0.816,0.036,0.884,0.642,0.356
"210","Cameroon",2019,4.937,8.203,0.711,53.5,0.712,-0.008,0.817,0.629,0.326
"211","Cameroon",2020,5.241,8.175,0.72,54.3,0.675,0.049,0.837,0.63,0.386
"212","Canada",2011,7.426,10.738,0.922,72.36,0.951,0.253,0.433,0.881,0.248
"213","Canada",2012,7.415,10.744,0.948,72.52,0.918,0.29,0.466,0.857,0.229
"214","Canada",2013,7.594,10.757,0.936,72.68,0.916,0.316,0.406,0.851,0.263
"215","Canada",2014,7.304,10.775,0.918,72.84,0.939,0.27,0.442,0.833,0.259
"216","Canada",2015,7.413,10.774,0.939,73,0.931,0.253,0.427,0.845,0.286
"217","Canada",2016,7.245,10.773,0.924,73.2,0.912,0.211,0.385,0.825,0.237
"218","Canada",2017,7.415,10.792,0.934,73.4,0.945,0.163,0.362,0.863,0.218
"219","Canada",2018,7.175,10.798,0.923,73.6,0.946,0.106,0.372,0.824,0.259
"220","Canada",2019,7.109,10.8,0.925,73.8,0.912,0.112,0.436,0.822,0.285
"221","Canada",2020,7.025,10.73,0.931,74,0.887,0.05,0.434,0.796,0.307
"234","Chile",2011,6.526,9.98,0.819,69.04,0.701,0.112,0.753,0.804,0.317
"235","Chile",2012,6.599,10.023,0.855,69.18,0.734,0.195,0.782,0.815,0.288
"236","Chile",2013,6.74,10.053,0.862,69.32,0.737,0.085,0.741,0.855,0.285
"237","Chile",2014,6.844,10.059,0.862,69.46,0.733,0.217,0.758,0.87,0.276
"238","Chile",2015,6.533,10.07,0.827,69.6,0.769,0.041,0.812,0.803,0.333
"239","Chile",2016,6.579,10.074,0.841,69.7,0.652,0.102,0.858,0.869,0.283
"240","Chile",2017,6.32,10.072,0.88,69.8,0.79,-0.02,0.836,0.838,0.291
"241","Chile",2018,6.436,10.097,0.89,69.9,0.789,-0.06,0.816,0.833,0.276
"242","Chile",2019,5.942,10.095,0.869,70,0.659,-0.103,0.86,0.809,0.337
"243","Chile",2020,6.151,10.02,0.888,70.1,0.781,0.033,0.812,0.815,0.336
"244","China",2011,5.037,9.179,0.787,67.76,0.824,-0.186,NA,0.82,0.134
"245","China",2012,5.095,9.249,0.788,67.92,0.808,-0.185,NA,0.821,0.159
"246","China",2013,5.241,9.319,0.778,68.08,0.805,-0.158,NA,0.836,0.142
"247","China",2014,5.196,9.386,0.82,68.24,NA,-0.217,NA,0.854,0.112
"248","China",2015,5.304,9.449,0.794,68.4,NA,-0.244,NA,0.809,0.171
"249","China",2016,5.325,9.51,0.742,68.7,NA,-0.228,NA,0.826,0.146
"250","China",2017,5.099,9.571,0.772,69,0.878,-0.175,NA,0.821,0.214
"251","China",2018,5.131,9.632,0.788,69.3,0.895,-0.159,NA,0.856,0.19
"252","China",2019,5.144,9.688,0.822,69.6,0.927,-0.173,NA,0.891,0.147
"253","China",2020,5.771,9.702,0.808,69.9,0.891,-0.103,NA,0.789,0.245
"254","Colombia",2011,6.464,9.442,0.904,65.92,0.811,-0.073,0.847,0.832,0.286
"255","Colombia",2012,6.375,9.471,0.914,66.14,0.828,-0.009,0.868,0.846,0.294
"256","Colombia",2013,6.607,9.512,0.901,66.36,0.841,-0.071,0.898,0.851,0.278
"257","Colombia",2014,6.449,9.546,0.907,66.58,0.801,-0.09,0.887,0.847,0.278
"258","Colombia",2015,6.388,9.564,0.89,66.8,0.791,-0.1,0.843,0.839,0.292
"259","Colombia",2016,6.234,9.571,0.882,67.1,0.835,-0.1,0.898,0.794,0.294
"260","Colombia",2017,6.157,9.569,0.909,67.4,0.838,-0.157,0.875,0.837,0.299
"261","Colombia",2018,5.984,9.579,0.871,67.7,0.851,-0.148,0.855,0.825,0.301
"262","Colombia",2019,6.35,9.598,0.873,68,0.822,-0.172,0.854,0.822,0.322
"263","Colombia",2020,5.709,9.495,0.797,68.3,0.84,-0.085,0.808,0.795,0.34
"293","Croatia",2011,5.385,10.091,0.79,68,0.517,-0.198,0.977,0.598,0.273
"294","Croatia",2012,6.028,10.072,0.776,68.1,0.542,-0.242,0.924,0.622,0.271
"295","Croatia",2013,5.885,10.069,0.751,68.2,0.627,-0.204,0.936,0.59,0.285
"296","Croatia",2014,5.381,10.072,0.646,68.3,0.519,0.132,0.918,0.596,0.286
"297","Croatia",2015,5.205,10.104,0.768,68.4,0.694,-0.096,0.849,0.609,0.294
"298","Croatia",2016,5.417,10.146,0.798,69,0.672,-0.065,0.884,0.614,0.337
"299","Croatia",2017,5.343,10.189,0.77,69.6,0.716,-0.104,0.892,0.655,0.316
"300","Croatia",2018,5.536,10.224,0.91,70.2,0.691,-0.151,0.925,0.582,0.29
"301","Croatia",2019,5.626,10.258,0.936,70.8,0.739,-0.137,0.932,0.551,0.269
"302","Croatia",2020,6.508,10.166,0.923,71.4,0.837,-0.063,0.961,0.743,0.286
"303","Cyprus",2011,6.69,10.53,0.844,72.54,0.745,0.18,0.841,0.763,0.272
"304","Cyprus",2012,6.181,10.479,0.767,72.68,0.725,0.098,0.871,0.755,0.369
"305","Cyprus",2013,5.439,10.414,0.744,72.82,0.656,0.102,0.867,0.748,0.42
"306","Cyprus",2014,5.627,10.406,0.77,72.96,0.715,0.06,0.868,0.737,0.397
"307","Cyprus",2015,5.439,10.445,0.77,73.1,0.628,0.114,0.893,0.747,0.383
"308","Cyprus",2016,5.795,10.506,0.786,73.3,0.756,-0.03,0.898,0.742,0.336
"309","Cyprus",2017,6.062,10.539,0.819,73.5,0.812,0.043,0.851,0.784,0.301
"310","Cyprus",2018,6.276,10.567,0.826,73.7,0.794,-0.022,0.848,0.75,0.298
"311","Cyprus",2019,6.137,10.585,0.776,73.9,0.74,-0.008,0.865,0.763,0.29
"312","Cyprus",2020,6.26,NA,0.806,74.1,0.763,NA,0.816,0.759,0.284
"322","Denmark",2011,7.788,10.848,0.962,70.62,0.935,0.298,0.22,0.769,0.175
"323","Denmark",2012,7.52,10.846,0.951,70.84,0.933,0.139,0.187,0.774,0.209
"324","Denmark",2013,7.589,10.851,0.965,71.06,0.92,0.215,0.17,0.862,0.195
"325","Denmark",2014,7.508,10.862,0.956,71.28,0.942,0.118,0.237,0.832,0.233
"326","Denmark",2015,7.514,10.878,0.96,71.5,0.941,0.222,0.191,0.829,0.218
"327","Denmark",2016,7.558,10.903,0.954,71.8,0.948,0.138,0.21,0.836,0.208
"328","Denmark",2017,7.594,10.916,0.952,72.1,0.955,0.155,0.181,0.824,0.206
"329","Denmark",2018,7.649,10.935,0.958,72.4,0.935,0.018,0.151,0.821,0.206
"330","Denmark",2019,7.693,10.954,0.958,72.7,0.963,0.02,0.174,0.862,0.181
"331","Denmark",2020,7.515,10.91,0.947,73,0.938,0.052,0.214,0.818,0.227
"333","Dominican Republic",2011,5.397,9.475,0.872,64.02,0.848,0.014,0.788,0.809,0.3
"334","Dominican Republic",2012,4.753,9.489,0.879,64.24,0.84,-0.062,0.727,0.797,0.297
"335","Dominican Republic",2013,5.016,9.525,0.878,64.46,0.889,0.021,0.752,0.793,0.295
"336","Dominican Republic",2014,5.387,9.582,0.891,64.68,0.905,-0.02,0.76,0.798,0.3
"337","Dominican Republic",2015,5.062,9.637,0.893,64.9,0.856,-0.065,0.755,0.714,0.295
"338","Dominican Republic",2016,5.239,9.691,0.895,65.2,0.873,-0.08,0.737,0.76,0.278
"339","Dominican Republic",2017,5.605,9.725,0.894,65.5,0.855,-0.121,0.76,0.739,0.275
"340","Dominican Republic",2018,5.433,9.782,0.862,65.8,0.867,-0.15,0.762,0.745,0.291
"341","Dominican Republic",2019,6.004,9.821,0.884,66.1,0.877,-0.123,0.746,0.784,0.264
"342","Dominican Republic",2020,5.168,9.802,0.806,66.4,0.835,-0.128,0.636,0.734,0.314
"343","Ecuador",2011,5.795,9.304,0.818,66.96,0.788,-0.155,0.702,0.862,0.271
"344","Ecuador",2012,5.961,9.344,0.785,67.12,0.825,-0.084,0.73,0.847,0.333
"345","Ecuador",2013,6.019,9.377,0.801,67.28,0.787,-0.191,0.646,0.851,0.267
"346","Ecuador",2014,5.946,9.399,0.831,67.44,0.719,-0.167,0.661,0.859,0.306
"347","Ecuador",2015,5.964,9.384,0.856,67.6,0.801,-0.114,0.666,0.851,0.323
"348","Ecuador",2016,6.115,9.355,0.842,67.9,0.846,-0.015,0.774,0.846,0.365
"349","Ecuador",2017,5.84,9.36,0.849,68.2,0.879,-0.167,0.734,0.829,0.314
"350","Ecuador",2018,6.128,9.355,0.851,68.5,0.869,-0.099,0.831,0.876,0.328
"351","Ecuador",2019,5.809,9.339,0.808,68.8,0.83,-0.115,0.839,0.811,0.374
"352","Ecuador",2020,5.354,9.244,0.804,69.1,0.829,-0.157,0.855,0.79,0.416
"353","Egypt",2011,4.174,9.24,0.753,60.16,0.59,-0.151,0.859,0.529,0.353
"354","Egypt",2012,4.204,9.24,0.737,60.32,0.452,-0.138,0.88,0.527,0.398
"355","Egypt",2013,3.559,9.239,0.675,60.48,0.474,-0.141,0.913,0.551,0.483
"356","Egypt",2014,4.885,9.245,0.619,60.64,0.578,-0.126,0.749,0.543,0.327
"357","Egypt",2015,4.763,9.266,0.73,60.8,0.659,-0.089,0.684,0.61,0.344
"358","Egypt",2016,4.557,9.287,0.809,61.1,0.656,-0.141,0.818,0.611,0.37
"359","Egypt",2017,3.929,9.307,0.638,61.4,0.593,-0.152,NA,0.539,0.414
"360","Egypt",2018,4.005,9.338,0.759,61.7,0.682,-0.215,NA,0.492,0.285
"361","Egypt",2019,4.328,9.373,0.772,62,0.774,-0.199,NA,0.517,0.313
"362","Egypt",2020,4.472,9.383,0.673,62.3,0.77,-0.112,NA,0.599,0.442
"363","El Salvador",2011,4.741,8.933,0.731,64.4,0.747,-0.126,0.707,0.875,0.336
"364","El Salvador",2012,5.934,8.956,0.806,64.6,0.683,-0.155,0.786,0.831,0.365
"365","El Salvador",2013,6.325,8.974,0.827,64.8,0.716,-0.15,0.772,0.828,0.317
"366","El Salvador",2014,5.857,8.986,0.798,65,0.778,-0.194,0.781,0.837,0.33
"367","El Salvador",2015,6.018,9.005,0.791,65.2,0.733,-0.156,0.805,0.826,0.333
"368","El Salvador",2016,6.14,9.025,0.794,65.5,0.8,-0.185,0.797,0.761,0.346
"369","El Salvador",2017,6.339,9.042,0.829,65.8,0.758,-0.172,0.778,0.849,0.268
"370","El Salvador",2018,6.241,9.061,0.82,66.1,0.863,-0.095,0.801,0.86,0.27
"371","El Salvador",2019,6.455,9.08,0.764,66.4,0.877,-0.109,0.682,0.871,0.271
"372","El Salvador",2020,5.462,9.019,0.696,66.7,0.924,-0.126,0.583,0.839,0.329
"373","Estonia",2011,5.487,10.248,0.909,66.96,0.735,-0.168,0.687,0.651,0.205
"374","Estonia",2012,5.364,10.282,0.889,67.22,0.697,-0.192,0.793,0.647,0.199
"375","Estonia",2013,5.367,10.299,0.901,67.48,0.754,-0.201,0.726,0.702,0.199
"376","Estonia",2014,5.556,10.331,0.917,67.74,0.773,-0.153,0.652,0.68,0.203
"377","Estonia",2015,5.629,10.348,0.918,68,0.815,-0.164,0.569,0.723,0.183
"378","Estonia",2016,5.65,10.374,0.938,68.2,0.843,-0.149,0.639,0.726,0.177
"379","Estonia",2017,5.938,10.429,0.936,68.4,0.862,-0.101,0.668,0.805,0.16
"380","Estonia",2018,6.091,10.472,0.933,68.6,0.886,-0.141,0.621,0.795,0.163
"381","Estonia",2019,6.035,10.511,0.934,68.8,0.887,-0.096,0.576,0.804,0.156
"382","Estonia",2020,6.453,10.459,0.958,69,0.954,-0.082,0.398,0.807,0.188
"392","Finland",2011,7.354,10.754,0.938,70.64,0.936,0.101,0.32,0.773,0.205
"393","Finland",2012,7.42,10.735,0.928,70.88,0.921,-0.001,0.361,0.796,0.202
"394","Finland",2013,7.445,10.722,0.941,71.12,0.919,0.04,0.306,0.769,0.195
"395","Finland",2014,7.385,10.714,0.952,71.36,0.933,-0.001,0.265,0.784,0.199
"396","Finland",2015,7.448,10.716,0.948,71.6,0.93,0.111,0.223,0.751,0.191
"397","Finland",2016,7.66,10.74,0.954,71.7,0.948,-0.027,0.25,0.797,0.182
"398","Finland",2017,7.788,10.768,0.964,71.8,0.962,-0.002,0.192,0.787,0.176
"399","Finland",2018,7.858,10.783,0.962,71.9,0.938,-0.127,0.199,0.782,0.182
"400","Finland",2019,7.78,10.792,0.937,72,0.948,-0.052,0.195,0.755,0.181
"401","Finland",2020,7.889,10.75,0.962,72.1,0.962,-0.116,0.164,0.744,0.193
"402","France",2011,6.959,10.671,0.921,72.4,0.903,-0.102,0.627,0.781,0.281
"403","France",2012,6.649,10.669,0.937,72.6,0.841,-0.149,0.608,0.754,0.253
"404","France",2013,6.667,10.669,0.908,72.8,0.878,-0.125,0.699,0.8,0.205
"405","France",2014,6.467,10.674,0.878,73,0.803,-0.118,0.656,0.811,0.216
"406","France",2015,6.358,10.682,0.896,73.2,0.817,-0.139,0.641,0.786,0.215
"407","France",2016,6.475,10.69,0.885,73.4,0.787,-0.091,0.623,0.773,0.27
"408","France",2017,6.635,10.711,0.931,73.6,0.834,-0.123,0.601,0.762,0.242
"409","France",2018,6.666,10.727,0.921,73.8,0.816,-0.138,0.582,0.767,0.282
"410","France",2019,6.69,10.74,0.958,74,0.827,-0.133,0.568,0.735,0.25
"411","France",2020,6.714,10.643,0.947,74.2,0.823,-0.169,0.565,0.732,0.231
"424","Georgia",2011,4.203,9.263,0.503,64.86,0.632,-0.255,0.353,0.515,0.247
"425","Georgia",2012,4.254,9.332,0.533,64.92,0.659,-0.269,0.321,0.559,0.25
"426","Georgia",2013,4.349,9.371,0.559,64.98,0.722,-0.254,0.349,0.595,0.2
"427","Georgia",2014,4.288,9.414,0.558,65.04,0.72,-0.233,0.416,0.57,0.204
"428","Georgia",2015,4.122,9.442,0.517,65.1,0.64,-0.205,0.502,0.547,0.233
"429","Georgia",2016,4.448,9.47,0.533,64.9,0.606,-0.249,0.561,0.564,0.223
"430","Georgia",2017,4.451,9.517,0.59,64.7,0.821,-0.244,0.59,0.581,0.21
"431","Georgia",2018,4.659,9.565,0.617,64.5,0.775,-0.233,0.755,0.573,0.244
"432","Georgia",2019,4.892,9.617,0.675,64.3,0.811,-0.26,0.647,0.604,0.244
"433","Georgia",2020,5.123,9.569,0.718,64.1,0.764,-0.221,0.583,0.611,0.295
"434","Germany",2011,6.621,10.813,0.947,70.98,0.906,0.033,0.677,0.794,0.165
"435","Germany",2012,6.702,10.816,0.926,71.06,0.904,0.071,0.679,0.804,0.17
"436","Germany",2013,6.965,10.817,0.931,71.14,0.894,0.024,0.566,0.743,0.205
"437","Germany",2014,6.984,10.835,0.938,71.22,0.899,0.088,0.474,0.785,0.188
"438","Germany",2015,7.037,10.844,0.926,71.3,0.889,0.178,0.412,0.765,0.203
"439","Germany",2016,6.874,10.858,0.906,71.6,0.871,0.148,0.446,0.738,0.187
"440","Germany",2017,7.074,10.878,0.892,71.9,0.841,0.145,0.414,0.737,0.196
"441","Germany",2018,7.118,10.89,0.92,72.2,0.877,0.034,0.496,0.78,0.243
"442","Germany",2019,7.035,10.893,0.886,72.5,0.885,0.057,0.462,0.751,0.226
"443","Germany",2020,7.312,10.833,0.905,72.8,0.864,-0.06,0.424,0.76,0.206
"444","Ghana",2011,5.608,8.332,0.724,54.48,0.852,0.011,0.79,0.744,0.209
"445","Ghana",2012,5.057,8.397,0.685,54.86,0.679,0.04,0.898,0.76,0.152
"446","Ghana",2013,4.965,8.445,0.676,55.24,0.794,-0.065,0.88,0.691,0.211
"447","Ghana",2014,3.86,8.45,0.651,55.62,0.677,0.001,0.913,0.696,0.28
"448","Ghana",2015,3.986,8.449,0.687,56,0.852,-0.038,0.945,0.69,0.265
"449","Ghana",2016,4.514,8.46,0.647,56.4,0.751,0.09,0.894,0.668,0.305
"450","Ghana",2017,5.481,8.517,0.669,56.8,0.783,0.079,0.839,0.703,0.248
"451","Ghana",2018,5.004,8.555,0.761,57.2,0.817,0.062,0.846,0.747,0.25
"452","Ghana",2019,4.967,8.596,0.746,57.6,0.787,0.116,0.857,0.682,0.27
"453","Ghana",2020,5.319,8.59,0.643,58,0.824,0.2,0.847,0.713,0.253
"454","Greece",2011,5.372,10.339,0.852,71.56,0.528,-0.316,0.941,0.591,0.323
"455","Greece",2012,5.096,10.268,0.812,71.62,0.373,-0.305,0.959,0.581,0.352
"456","Greece",2013,4.72,10.243,0.687,71.68,0.426,-0.272,0.941,0.689,0.482
"457","Greece",2014,4.756,10.257,0.832,71.74,0.369,-0.288,0.93,0.695,0.385
"458","Greece",2015,5.623,10.259,0.835,71.8,0.532,-0.272,0.824,0.74,0.277
"459","Greece",2016,5.303,10.261,0.803,72,0.482,-0.26,0.898,0.701,0.336
"460","Greece",2017,5.148,10.278,0.753,72.2,0.438,-0.29,0.872,0.603,0.333
"461","Greece",2018,5.409,10.299,0.794,72.4,0.564,-0.335,0.86,0.666,0.255
"462","Greece",2019,5.952,10.319,0.891,72.6,0.614,-0.289,0.848,0.668,0.236
"463","Greece",2020,5.788,10.215,0.779,72.8,0.565,-0.241,0.764,0.684,0.322
"506","Hungary",2011,4.918,10.127,0.894,65.76,0.631,-0.089,0.94,0.642,0.305
"507","Hungary",2012,4.683,10.117,0.906,65.92,0.569,-0.136,0.93,0.652,0.315
"508","Hungary",2013,4.914,10.14,0.877,66.08,0.674,-0.113,0.912,0.706,0.307
"509","Hungary",2014,5.181,10.183,0.845,66.24,0.494,-0.15,0.855,0.651,0.238
"510","Hungary",2015,5.344,10.223,0.859,66.4,0.558,-0.198,0.908,0.707,0.245
"511","Hungary",2016,5.449,10.248,0.9,66.8,0.554,-0.187,0.924,0.666,0.243
"512","Hungary",2017,6.065,10.293,0.877,67.2,0.661,-0.139,0.886,0.735,0.181
"513","Hungary",2018,5.936,10.344,0.941,67.6,0.693,-0.243,0.911,0.676,0.201
"514","Hungary",2019,6,10.393,0.947,68,0.798,-0.195,0.884,0.743,0.18
"515","Hungary",2020,6.038,10.335,0.943,68.4,0.771,-0.12,0.836,0.735,0.24
"523","India",2011,4.635,8.387,0.553,57.7,0.838,-0.038,0.908,0.648,0.232
"524","India",2012,4.72,8.428,0.511,58,0.609,0.067,0.83,0.629,0.295
"525","India",2013,4.428,8.478,0.553,58.3,0.74,0.084,0.832,0.68,0.33
"526","India",2014,4.424,8.538,0.621,58.6,0.809,-0.026,0.832,0.711,0.285
"527","India",2015,4.342,8.604,0.61,58.9,0.777,-0.005,0.776,0.701,0.322
"528","India",2016,4.179,8.673,0.614,59.3,0.82,0.046,0.765,0.695,0.346
"529","India",2017,4.046,8.73,0.607,59.7,0.886,-0.042,0.781,0.682,0.318
"530","India",2018,3.818,8.779,0.638,60.1,0.89,0.085,0.805,0.657,0.357
"531","India",2019,3.249,8.818,0.561,60.5,0.876,0.112,0.752,0.648,0.466
"532","India",2020,4.225,8.703,0.617,60.9,0.906,0.075,0.78,0.752,0.383
"542","Iran",2011,4.768,9.547,0.582,64.14,0.798,0.2,0.665,0.578,0.359
"543","Iran",2012,4.609,9.458,0.6,64.38,0.764,NA,0.678,0.609,0.525
"544","Iran",2013,5.14,9.443,0.664,64.62,0.73,0.216,0.685,0.659,0.552
"545","Iran",2014,4.682,9.476,0.644,64.86,0.767,0.241,0.64,0.618,0.512
"546","Iran",2015,4.75,9.449,0.572,65.1,0.78,0.176,0.699,0.645,0.52
"547","Iran",2016,4.653,9.561,0.566,65.4,0.773,0.186,0.713,0.687,0.526
"548","Iran",2017,4.717,9.584,0.714,65.7,0.731,0.218,0.715,0.694,0.439
"549","Iran",2018,4.278,NA,0.674,66,0.603,NA,0.703,0.553,0.493
"550","Iran",2019,5.006,NA,0.698,66.3,0.623,NA,0.728,0.6,0.449
"551","Iran",2020,4.865,NA,0.757,66.6,0.6,NA,0.71,0.582,0.47
"561","Ireland",2011,7.007,10.878,0.977,71.6,0.952,0.383,0.59,0.865,0.19
"562","Ireland",2012,6.965,10.876,0.962,71.7,0.902,0.302,0.573,0.835,0.237
"563","Ireland",2013,6.76,10.884,0.955,71.8,0.884,0.331,0.558,0.814,0.245
"564","Ireland",2014,7.018,10.959,0.968,71.9,0.922,0.264,0.406,0.784,0.229
"565","Ireland",2015,6.83,11.174,0.953,72,0.892,0.233,0.409,0.799,0.225
"566","Ireland",2016,7.041,11.199,0.958,72.1,0.875,0.174,0.399,0.809,0.211
"567","Ireland",2017,7.06,11.266,0.943,72.2,0.905,0.216,0.337,0.833,0.213
"568","Ireland",2018,6.962,11.332,0.938,72.3,0.861,0.144,0.362,0.811,0.213
"569","Ireland",2019,7.255,11.371,0.944,72.4,0.892,0.074,0.373,0.807,0.223
"570","Ireland",2020,7.035,11.323,0.96,72.5,0.882,0.014,0.356,0.797,0.246
"571","Israel",2011,7.433,10.489,0.893,72.46,0.722,0.141,0.891,0.738,0.384
"572","Israel",2012,7.111,10.493,0.903,72.52,0.681,0.153,0.862,0.665,0.319
"573","Israel",2013,7.321,10.515,0.909,72.58,0.739,0.15,0.849,0.698,0.409
"574","Israel",2014,7.401,10.533,0.889,72.64,0.707,0.094,0.818,0.604,0.271
"575","Israel",2015,7.079,10.536,0.864,72.7,0.753,0.108,0.789,0.697,0.256
"576","Israel",2016,7.159,10.555,0.89,72.9,0.772,0.153,0.804,0.629,0.263
"577","Israel",2017,7.331,10.57,0.916,73.1,0.768,0.145,0.793,0.674,0.276
"578","Israel",2018,6.927,10.585,0.91,73.3,0.725,0.055,0.77,0.663,0.282
"579","Israel",2019,7.332,10.601,0.946,73.5,0.834,0.085,0.743,0.635,0.266
"580","Israel",2020,7.195,10.538,0.959,73.7,0.831,-0.049,0.748,0.621,0.243
"581","Italy",2011,6.057,10.671,0.913,72.84,0.568,-0.018,0.933,0.658,0.266
"582","Italy",2012,5.839,10.638,0.869,72.88,0.57,0.113,0.908,0.67,0.388
"583","Italy",2013,6.009,10.608,0.916,72.92,0.499,-0.102,0.943,0.779,0.357
"584","Italy",2014,6.027,10.599,0.898,72.96,0.624,-0.065,0.92,0.716,0.356
"585","Italy",2015,5.848,10.608,0.909,73,0.575,-0.064,0.913,0.692,0.329
"586","Italy",2016,5.955,10.622,0.927,73.2,0.624,-0.081,0.903,0.685,0.339
"587","Italy",2017,6.199,10.64,0.92,73.4,0.633,-0.035,0.867,0.661,0.323
"588","Italy",2018,6.517,10.65,0.913,73.6,0.65,-0.021,0.888,0.649,0.403
"589","Italy",2019,6.445,10.655,0.838,73.8,0.709,-0.082,0.866,0.631,0.328
"590","Italy",2020,6.488,10.563,0.89,74,0.718,-0.15,0.844,0.67,0.311
"604","Japan",2011,6.263,10.532,0.917,73.98,0.814,-0.052,0.734,0.776,0.181
"605","Japan",2012,5.968,10.549,0.905,74.16,0.753,NA,0.692,0.777,0.171
"606","Japan",2013,5.959,10.57,0.924,74.34,0.821,-0.147,0.65,0.794,0.175
"607","Japan",2014,5.923,10.575,0.9,74.52,0.838,-0.139,0.617,0.742,0.189
"608","Japan",2015,5.88,10.588,0.923,74.7,0.832,-0.155,0.654,0.768,0.176
"609","Japan",2016,5.955,10.595,0.9,74.8,0.836,-0.062,0.698,0.76,0.192
"610","Japan",2017,5.911,10.618,0.882,74.9,0.849,-0.206,0.659,0.74,0.176
"611","Japan",2018,5.794,10.623,0.886,75,0.773,-0.261,0.687,0.703,0.185
"612","Japan",2019,5.908,10.632,0.878,75.1,0.806,-0.255,0.617,0.743,0.194
"613","Japan",2020,6.118,10.58,0.887,75.2,0.806,-0.259,0.609,0.742,0.186
"614","Jordan",2011,5.539,9.289,0.878,65,0.76,-0.143,NA,0.612,0.26
"615","Jordan",2012,5.132,9.261,0.829,65.3,0.693,-0.16,NA,0.565,0.345
"616","Jordan",2013,5.172,9.237,0.84,65.6,0.692,-0.117,NA,0.684,0.286
"617","Jordan",2014,5.333,9.222,0.816,65.9,0.729,-0.104,NA,0.66,0.313
"618","Jordan",2015,5.405,9.207,0.83,66.2,0.767,-0.046,NA,0.69,0.305
"619","Jordan",2016,5.271,9.197,0.82,66.4,0.771,-0.038,NA,0.641,0.312
"620","Jordan",2017,4.808,9.194,0.815,66.6,0.766,-0.152,NA,0.628,0.392
"621","Jordan",2018,4.639,9.196,0.8,66.8,0.762,-0.186,NA,NA,NA
"622","Jordan",2019,4.453,9.201,0.793,67,0.726,-0.165,NA,NA,NA
"623","Jordan",2020,4.094,9.15,0.709,67.2,0.779,-0.15,NA,NA,NA
"624","Kazakhstan",2011,5.736,9.997,0.905,60.72,0.878,-0.235,0.802,0.695,0.154
"625","Kazakhstan",2012,5.759,10.03,0.892,61.24,0.84,-0.171,0.877,0.74,0.184
"626","Kazakhstan",2013,5.835,10.074,0.889,61.76,0.782,-0.229,0.82,0.674,0.164
"627","Kazakhstan",2014,5.97,10.101,0.795,62.28,0.799,0.004,0.805,0.718,0.169
"628","Kazakhstan",2015,5.95,10.098,0.931,62.8,0.74,-0.037,0.714,0.73,0.174
"629","Kazakhstan",2016,5.534,10.095,0.928,63.4,0.783,-0.036,0.702,0.702,0.155
"630","Kazakhstan",2017,5.882,10.121,0.914,64,0.745,-0.035,0.755,0.757,0.171
"631","Kazakhstan",2018,6.008,10.148,0.937,64.6,0.84,-0.098,0.824,0.693,0.162
"632","Kazakhstan",2019,6.272,10.179,0.951,65.2,0.852,-0.055,0.708,0.787,0.139
"633","Kazakhstan",2020,6.168,10.135,0.966,65.8,0.872,-0.056,0.661,0.684,0.15
"634","Kenya",2011,4.405,8.143,0.846,56.06,0.709,0.022,0.923,0.76,0.228
"635","Kenya",2012,4.547,8.161,0.831,56.62,0.628,0.066,0.911,0.707,0.194
"636","Kenya",2013,3.795,8.192,0.825,57.18,0.708,0.212,0.861,0.765,0.161
"637","Kenya",2014,4.905,8.219,0.765,57.74,0.819,0.172,0.849,0.814,0.221
"638","Kenya",2015,4.358,8.249,0.777,58.3,0.793,0.221,0.853,0.702,0.172
"639","Kenya",2016,4.396,8.282,0.706,58.9,0.749,0.298,0.828,0.743,0.226
"640","Kenya",2017,4.476,8.306,0.715,59.5,0.853,0.234,0.854,0.788,0.23
"641","Kenya",2018,4.656,8.344,0.707,60.1,0.821,0.291,0.844,0.759,0.237
"642","Kenya",2019,4.619,8.373,0.676,60.7,0.818,0.31,0.794,0.751,0.251
"643","Kenya",2020,4.547,8.365,0.674,61.3,0.702,0.26,0.837,0.733,0.297
"644","Kosovo",2011,4.86,9.067,0.759,NA,0.589,0.004,0.919,0.696,0.124
"645","Kosovo",2012,5.64,9.086,0.757,NA,0.636,0.027,0.95,0.596,0.1
"646","Kosovo",2013,6.126,9.113,0.721,NA,0.568,0.115,0.935,0.692,0.203
"647","Kosovo",2014,5,9.129,0.706,NA,0.441,0.012,0.775,0.636,0.206
"648","Kosovo",2015,5.077,9.182,0.805,NA,0.561,0.181,0.851,0.753,0.18
"649","Kosovo",2016,5.759,9.228,0.824,NA,0.827,0.125,0.941,0.704,0.15
"650","Kosovo",2017,6.149,9.262,0.792,NA,0.858,0.117,0.925,0.738,0.186
"651","Kosovo",2018,6.392,9.296,0.822,NA,0.89,0.269,0.922,0.778,0.17
"652","Kosovo",2019,6.425,9.339,0.843,NA,0.841,0.247,0.92,0.749,0.141
"653","Kosovo",2020,6.294,NA,0.792,NA,0.88,NA,0.91,0.726,0.201
"662","Kyrgyzstan",2011,4.921,8.374,0.891,61.52,0.748,-0.155,0.932,0.681,0.151
"663","Kyrgyzstan",2012,5.208,8.357,0.856,61.94,0.703,-0.079,0.892,0.691,0.182
"664","Kyrgyzstan",2013,5.402,8.441,0.851,62.36,0.755,-0.085,0.9,0.722,0.135
"665","Kyrgyzstan",2014,5.252,8.46,0.898,62.78,0.736,0.355,0.897,0.725,0.185
"666","Kyrgyzstan",2015,4.905,8.477,0.857,63.2,0.813,0.2,0.858,0.767,0.173
"667","Kyrgyzstan",2016,4.857,8.5,0.914,63.5,0.814,0.056,0.917,0.778,0.126
"668","Kyrgyzstan",2017,5.63,8.526,0.883,63.8,0.859,0.143,0.874,0.755,0.16
"669","Kyrgyzstan",2018,5.297,8.543,0.898,64.1,0.945,0.267,0.907,0.763,0.203
"670","Kyrgyzstan",2019,5.685,8.567,0.877,64.4,0.92,-0.002,0.885,0.766,0.207
"671","Kyrgyzstan",2020,6.25,8.503,0.902,64.7,0.935,0.103,0.931,0.803,0.258
"678","Latvia",2011,4.967,10.029,0.836,64.86,0.564,-0.002,0.934,0.563,0.222
"679","Latvia",2012,5.125,10.082,0.851,65.12,0.564,-0.038,0.895,0.56,0.232
"680","Latvia",2013,5.07,10.116,0.834,65.38,0.631,-0.073,0.837,0.642,0.227
"681","Latvia",2014,5.729,10.144,0.881,65.64,0.671,-0.043,0.804,0.652,0.226
"682","Latvia",2015,5.881,10.185,0.879,65.9,0.656,-0.077,0.808,0.608,0.228
"683","Latvia",2016,5.94,10.211,0.917,66.2,0.685,-0.156,0.868,0.654,0.231
"684","Latvia",2017,5.978,10.257,0.895,66.5,0.7,-0.154,0.798,0.623,0.232
"685","Latvia",2018,5.901,10.307,0.913,66.8,0.608,-0.212,0.799,0.585,0.192
"686","Latvia",2019,5.97,10.336,0.936,67.1,0.698,-0.194,0.789,0.575,0.212
"687","Latvia",2020,6.229,10.3,0.928,67.4,0.82,-0.078,0.809,0.714,0.202
"713","Lithuania",2011,5.432,10.167,0.911,64.7,0.566,-0.148,0.964,0.57,0.275
"714","Lithuania",2012,5.771,10.218,0.919,64.9,0.503,-0.273,0.957,0.581,0.277
"715","Lithuania",2013,5.596,10.263,0.913,65.1,0.556,-0.237,0.936,0.581,0.294
"716","Lithuania",2014,6.126,10.306,0.908,65.3,0.508,-0.263,0.956,0.619,0.287
"717","Lithuania",2015,5.711,10.335,0.929,65.5,0.641,-0.254,0.924,0.595,0.276
"718","Lithuania",2016,5.866,10.373,0.938,66.1,0.614,-0.266,0.949,0.594,0.25
"719","Lithuania",2017,6.273,10.429,0.926,66.7,0.749,-0.174,0.79,0.608,0.195
"720","Lithuania",2018,6.309,10.474,0.929,67.3,0.699,-0.237,0.852,0.517,0.214
"721","Lithuania",2019,6.064,10.518,0.918,67.9,0.78,-0.251,0.783,0.566,0.276
"722","Lithuania",2020,6.391,10.504,0.953,68.5,0.824,-0.122,0.829,0.66,0.202
"767","Malta",2011,6.155,10.37,0.923,71.72,0.882,0.296,NA,0.736,0.34
"768","Malta",2012,5.963,10.389,0.922,71.84,0.861,0.352,NA,0.744,0.391
"769","Malta",2013,6.38,10.422,0.942,71.96,0.909,0.41,NA,0.66,0.37
"770","Malta",2014,6.452,10.486,0.941,72.08,0.904,0.404,0.67,0.652,0.352
"771","Malta",2015,6.613,10.566,0.919,72.2,0.912,0.347,0.664,0.68,0.355
"772","Malta",2016,6.591,10.599,0.93,72.2,0.916,0.345,0.696,0.687,0.355
"773","Malta",2017,6.676,10.635,0.937,72.2,0.924,0.253,0.69,0.721,0.302
"774","Malta",2018,6.91,10.67,0.932,72.2,0.927,0.179,0.595,0.721,0.296
"775","Malta",2019,6.733,10.677,0.922,72.2,0.924,0.087,0.689,0.707,0.356
"776","Malta",2020,6.157,NA,0.938,72.2,0.931,NA,0.675,0.601,0.411
"793","Mexico",2011,6.91,9.81,0.824,66.68,0.831,-0.099,0.698,0.79,0.228
"794","Mexico",2012,7.32,9.832,0.767,66.86,0.788,-0.093,0.633,0.784,0.278
"795","Mexico",2013,7.443,9.832,0.759,67.04,0.739,-0.165,0.615,0.79,0.223
"796","Mexico",2014,6.68,9.847,0.782,67.22,0.779,-0.094,0.63,0.802,0.229
"797","Mexico",2015,6.236,9.867,0.761,67.4,0.719,-0.152,0.708,0.745,0.237
"798","Mexico",2016,6.824,9.884,0.893,67.7,0.752,-0.153,0.809,0.859,0.22
"799","Mexico",2017,6.41,9.893,0.8,68,0.861,-0.202,0.801,0.843,0.231
"800","Mexico",2018,6.55,9.903,0.858,68.3,0.816,-0.179,0.809,0.882,0.213
"801","Mexico",2019,6.432,9.891,0.852,68.6,0.903,-0.141,0.809,0.864,0.252
"802","Mexico",2020,5.964,9.782,0.779,68.9,0.873,-0.119,0.778,0.81,0.292
"803","Moldova",2011,5.792,9.111,0.869,61.62,0.628,-0.082,0.957,0.568,0.285
"804","Moldova",2012,5.996,9.105,0.826,61.94,0.602,-0.05,0.955,0.568,0.314
"805","Moldova",2013,5.756,9.192,0.803,62.26,0.658,-0.069,0.941,0.582,0.261
"806","Moldova",2014,5.917,9.241,0.805,62.58,0.623,-0.113,0.925,0.583,0.26
"807","Moldova",2015,6.017,9.246,0.84,62.9,0.595,-0.09,0.943,0.59,0.281
"808","Moldova",2016,5.578,9.3,0.837,63.6,0.557,-0.047,0.969,0.621,0.275
"809","Moldova",2017,5.326,9.363,0.831,64.3,0.553,-0.053,0.926,0.581,0.259
"810","Moldova",2018,5.682,9.423,0.892,65,0.824,-0.084,0.929,0.582,0.27
"811","Moldova",2019,5.803,9.475,0.809,65.7,0.784,-0.092,0.884,0.631,0.262
"812","Moldova",2020,5.812,9.462,0.874,66.4,0.859,-0.058,0.941,0.727,0.268
"813","Mongolia",2011,5.031,9.061,0.948,60.5,0.7,0.151,0.931,0.692,0.153
"814","Mongolia",2012,4.885,9.158,0.919,60.8,0.688,0.107,0.932,0.689,0.181
"815","Mongolia",2013,4.913,9.248,0.935,61.1,0.748,0.136,0.928,0.649,0.179
"816","Mongolia",2014,4.825,9.304,0.943,61.4,0.752,0.146,0.909,0.627,0.17
"817","Mongolia",2015,4.983,9.308,0.906,61.7,0.686,0.173,0.9,0.653,0.208
"818","Mongolia",2016,5.057,9.3,0.947,61.9,0.76,0.09,0.9,0.694,0.171
"819","Mongolia",2017,5.334,9.334,0.924,62.1,0.675,0.119,0.865,0.675,0.214
"820","Mongolia",2018,5.465,9.386,0.942,62.3,0.696,0.054,0.849,0.654,0.192
"821","Mongolia",2019,5.563,9.418,0.946,62.5,0.711,0.149,0.873,0.707,0.167
"822","Mongolia",2020,6.011,9.396,0.918,62.7,0.718,0.141,0.843,0.636,0.26
"823","Montenegro",2011,5.223,9.755,0.818,67.26,0.546,-0.226,0.762,0.603,0.378
"824","Montenegro",2012,5.219,9.726,0.704,67.42,0.462,-0.192,0.755,0.574,0.379
"825","Montenegro",2013,5.074,9.76,0.736,67.58,0.502,-0.176,0.693,0.539,0.331
"826","Montenegro",2014,5.283,9.777,0.863,67.74,0.503,0.097,0.768,0.587,0.368
"827","Montenegro",2015,5.125,9.81,0.74,67.9,0.583,-0.144,0.781,0.58,0.337
"828","Montenegro",2016,5.304,9.839,0.866,68.1,0.569,-0.087,0.849,0.591,0.337
"829","Montenegro",2017,5.615,9.885,0.881,68.3,0.626,-0.083,0.756,0.519,0.35
"830","Montenegro",2018,5.65,9.934,0.856,68.5,0.626,-0.051,0.769,0.59,0.355
"831","Montenegro",2019,5.386,9.97,0.832,68.7,0.694,-0.105,0.82,0.591,0.366
"832","Montenegro",2020,5.722,9.913,0.887,68.9,0.802,0.06,0.845,0.603,0.411
"870","Netherlands",2011,7.564,10.875,0.938,71.52,0.925,0.336,0.359,0.863,0.181
"871","Netherlands",2012,7.471,10.861,0.939,71.64,0.877,0.288,0.434,0.861,0.226
"872","Netherlands",2013,7.407,10.857,0.925,71.76,0.919,0.305,0.505,0.867,0.235
"873","Netherlands",2014,7.321,10.867,0.909,71.88,0.91,0.331,0.457,0.868,0.221
"874","Netherlands",2015,7.324,10.882,0.879,72,0.904,0.261,0.412,0.834,0.202
"875","Netherlands",2016,7.541,10.899,0.926,72.1,0.907,0.239,0.433,0.838,0.215
"876","Netherlands",2017,7.459,10.921,0.937,72.2,0.92,0.25,0.363,0.852,0.185
"877","Netherlands",2018,7.463,10.941,0.939,72.3,0.92,0.161,0.371,0.862,0.205
"878","Netherlands",2019,7.425,10.953,0.941,72.4,0.886,0.213,0.36,0.838,0.231
"879","Netherlands",2020,7.504,10.901,0.944,72.5,0.935,0.151,0.281,0.784,0.247
"880","New Zealand",2011,7.191,10.536,0.954,72.12,0.935,0.284,0.269,0.864,0.21
"881","New Zealand",2012,7.25,10.553,0.93,72.24,0.902,0.287,0.289,0.866,0.207
"882","New Zealand",2013,7.28,10.571,0.958,72.36,0.944,0.237,0.312,0.835,0.151
"883","New Zealand",2014,7.306,10.592,0.942,72.48,0.932,0.348,0.273,0.848,0.199
"884","New Zealand",2015,7.418,10.608,0.987,72.6,0.942,0.329,0.186,0.834,0.16
"885","New Zealand",2016,7.226,10.623,0.937,72.8,0.927,0.266,0.278,0.833,0.207
"886","New Zealand",2017,7.327,10.633,0.955,73,0.942,0.294,0.222,0.817,0.172
"887","New Zealand",2018,7.37,10.66,0.954,73.2,0.949,0.12,0.207,0.845,0.168
"888","New Zealand",2019,7.205,10.666,0.939,73.4,0.912,0.157,0.234,0.816,0.191
"889","New Zealand",2020,7.257,10.6,0.952,73.6,0.918,0.125,0.283,0.849,0.209
"923","North Macedonia",2011,4.898,9.518,0.784,64.661,0.607,-0.087,0.865,0.588,0.363
"924","North Macedonia",2012,4.64,9.513,0.798,64.811,0.613,-0.084,0.92,0.642,0.422
"925","North Macedonia",2013,5.186,9.541,0.832,64.942,0.641,0.025,0.861,0.578,0.331
"926","North Macedonia",2014,5.204,9.576,0.793,65.053,0.645,0.035,0.861,0.637,0.307
"927","North Macedonia",2015,4.976,9.613,0.766,65.145,0.66,-0.047,0.824,0.62,0.299
"928","North Macedonia",2016,5.346,9.64,0.871,65.225,0.706,0.08,0.87,0.639,0.292
"929","North Macedonia",2017,5.234,9.65,0.8,65.303,0.752,-0.059,0.856,0.502,0.299
"930","North Macedonia",2018,5.24,9.677,0.849,65.389,0.745,-0.041,0.91,0.59,0.298
"931","North Macedonia",2019,5.015,9.711,0.815,65.474,0.725,0.024,0.923,0.576,0.304
"932","North Macedonia",2020,5.054,9.69,0.75,65.56,0.787,0.131,0.877,0.605,0.365
"986","Philippines",2011,4.994,8.707,0.789,60.8,0.883,0.073,0.783,0.851,0.358
"987","Philippines",2012,5.002,8.756,0.813,61,0.914,0.053,0.771,0.865,0.351
"988","Philippines",2013,4.977,8.805,0.846,61.2,0.907,0.021,0.756,0.799,0.332
"989","Philippines",2014,5.313,8.85,0.813,61.4,0.902,-0.015,0.787,0.813,0.334
"990","Philippines",2015,5.547,8.896,0.854,61.6,0.912,-0.051,0.755,0.805,0.351
"991","Philippines",2016,5.431,8.95,0.821,61.7,0.908,-0.071,0.792,0.821,0.29
"992","Philippines",2017,5.594,9.002,0.851,61.8,0.926,-0.141,0.711,0.769,0.341
"993","Philippines",2018,5.869,9.05,0.846,61.9,0.918,-0.108,0.726,0.773,0.393
"994","Philippines",2019,6.268,9.095,0.845,62,0.91,-0.083,0.748,0.781,0.341
"995","Philippines",2020,5.08,9.061,0.781,62.1,0.932,-0.116,0.744,0.804,0.327
"996","Poland",2011,5.646,10.133,0.905,67.46,0.868,-0.067,0.908,0.725,0.224
"997","Poland",2012,5.876,10.149,0.936,67.62,0.811,-0.027,0.888,0.787,0.267
"998","Poland",2013,5.746,10.164,0.912,67.78,0.776,-0.137,0.916,0.784,0.242
"999","Poland",2014,5.75,10.197,0.924,67.94,0.875,-0.064,0.898,0.777,0.223
"1000","Poland",2015,6.007,10.235,0.893,68.1,0.793,-0.093,0.81,0.734,0.24
"1001","Poland",2016,6.162,10.266,0.917,68.5,0.871,-0.091,0.848,0.777,0.224
"1002","Poland",2017,6.201,10.314,0.882,68.9,0.831,-0.122,0.639,0.677,0.203
"1003","Poland",2018,6.111,10.366,0.863,69.3,0.87,-0.254,0.72,0.742,0.176
"1004","Poland",2019,6.242,10.407,0.878,69.7,0.883,-0.231,0.696,0.725,0.168
"1005","Poland",2020,6.139,10.371,0.953,70.1,0.767,-0.007,0.787,0.76,0.329
"1006","Portugal",2011,5.22,10.353,0.856,71,0.875,-0.173,0.962,0.725,0.279
"1007","Portugal",2012,4.994,10.315,0.866,71.2,0.774,-0.097,0.959,0.729,0.37
"1008","Portugal",2013,5.158,10.312,0.867,71.4,0.788,-0.118,0.946,0.7,0.348
"1009","Portugal",2014,5.127,10.325,0.862,71.6,0.847,-0.126,0.941,0.705,0.358
"1010","Portugal",2015,5.081,10.347,0.866,71.8,0.8,-0.163,0.941,0.657,0.371
"1011","Portugal",2016,5.447,10.37,0.905,72,0.838,-0.225,0.922,0.684,0.326
"1012","Portugal",2017,5.711,10.407,0.9,72.2,0.905,-0.176,0.881,0.649,0.294
"1013","Portugal",2018,5.92,10.434,0.887,72.4,0.877,-0.261,0.88,0.679,0.318
"1014","Portugal",2019,6.095,10.457,0.876,72.6,0.882,-0.234,0.915,0.71,0.3
"1015","Portugal",2020,5.768,10.371,0.875,72.8,0.913,-0.238,0.867,0.648,0.383
"1028","Russia",2011,5.389,10.129,0.883,61.42,0.626,-0.279,0.935,0.601,0.165
"1029","Russia",2012,5.621,10.166,0.901,61.84,0.609,-0.293,0.938,0.611,0.174
"1030","Russia",2013,5.537,10.182,0.881,62.26,0.661,-0.289,0.934,0.68,0.18
"1031","Russia",2014,6.037,10.171,0.932,62.68,0.744,-0.265,0.869,0.688,0.151
"1032","Russia",2015,5.996,10.149,0.924,63.1,0.685,-0.171,0.913,0.679,0.13
"1033","Russia",2016,5.855,10.149,0.911,63.5,0.714,-0.181,0.925,0.636,0.142
"1034","Russia",2017,5.579,10.166,0.896,63.9,0.731,-0.145,0.862,0.71,0.195
"1035","Russia",2018,5.514,10.191,0.909,64.3,0.729,-0.147,0.865,0.673,0.199
"1036","Russia",2019,5.441,10.205,0.91,64.7,0.715,-0.116,0.848,0.691,0.2
"1037","Russia",2020,5.495,10.162,0.887,65.1,0.714,-0.071,0.823,0.645,0.19
"1047","Saudi Arabia",2011,6.7,10.758,0.83,64.6,0.603,-0.142,NA,0.726,0.24
"1048","Saudi Arabia",2012,6.396,10.779,0.867,64.8,0.56,-0.12,NA,0.715,0.225
"1049","Saudi Arabia",2013,6.495,10.776,0.827,65,0.661,-0.081,NA,0.744,0.276
"1050","Saudi Arabia",2014,6.278,10.783,0.818,65.2,0.762,-0.073,NA,0.705,0.313
"1051","Saudi Arabia",2015,6.345,10.798,0.82,65.4,0.82,-0.045,NA,0.724,0.327
"1052","Saudi Arabia",2016,6.474,10.792,0.89,65.7,0.774,-0.132,NA,0.793,0.266
"1053","Saudi Arabia",2017,6.294,10.764,0.84,66,0.814,-0.131,NA,0.775,0.306
"1054","Saudi Arabia",2018,6.356,10.771,0.868,66.3,0.855,-0.192,NA,0.764,0.288
"1055","Saudi Arabia",2019,6.561,10.757,0.912,66.6,0.891,-0.147,NA,0.732,0.238
"1056","Saudi Arabia",2020,6.56,10.701,0.89,66.9,0.884,-0.111,NA,0.754,0.251
"1066","Serbia",2011,4.815,9.607,0.773,66.36,0.44,-0.185,0.977,0.545,0.41
"1067","Serbia",2012,5.155,9.605,0.819,66.52,0.461,-0.13,0.952,0.514,0.371
"1068","Serbia",2013,5.102,9.638,0.828,66.68,0.533,-0.1,0.908,0.529,0.403
"1069","Serbia",2014,5.113,9.627,0.783,66.84,0.532,0.072,0.912,0.498,0.326
"1070","Serbia",2015,5.318,9.649,0.816,67,0.546,-0.062,0.859,0.496,0.303
"1071","Serbia",2016,5.753,9.688,0.895,67.4,0.614,-0.068,0.89,0.535,0.298
"1072","Serbia",2017,5.122,9.713,0.884,67.8,0.685,-0.077,0.851,0.51,0.326
"1073","Serbia",2018,5.936,9.762,0.853,68.2,0.74,-0.1,0.864,0.559,0.296
"1074","Serbia",2019,6.241,9.808,0.903,68.6,0.753,-0.04,0.813,0.509,0.242
"1075","Serbia",2020,6.042,9.788,0.852,69,0.843,0.149,0.824,0.603,0.358
"1092","Slovakia",2011,5.945,10.196,0.917,67.04,0.727,0.01,0.907,0.637,0.287
"1093","Slovakia",2012,5.911,10.213,0.926,67.28,0.62,-0.028,0.907,0.656,0.302
"1094","Slovakia",2013,5.937,10.218,0.909,67.52,0.598,-0.051,0.915,0.698,0.277
"1095","Slovakia",2014,6.139,10.244,0.924,67.76,0.635,-0.126,0.914,0.703,0.267
"1096","Slovakia",2015,6.162,10.291,0.943,68,0.587,-0.128,0.928,0.714,0.269
"1097","Slovakia",2016,5.993,10.31,0.945,68.3,0.7,-0.061,0.917,0.774,0.232
"1098","Slovakia",2017,6.366,10.339,0.913,68.6,0.714,-0.055,0.92,0.788,0.213
"1099","Slovakia",2018,6.235,10.376,0.922,68.9,0.758,-0.167,0.91,0.754,0.253
"1100","Slovakia",2019,6.243,10.398,0.933,69.2,0.771,-0.129,0.926,0.75,0.252
"1101","Slovakia",2020,6.519,10.332,0.954,69.5,0.762,-0.075,0.901,0.764,0.274
"1102","Slovenia",2011,6.036,10.426,0.931,69.4,0.907,-0.025,0.893,0.652,0.285
"1103","Slovenia",2012,6.063,10.397,0.925,69.6,0.904,-0.02,0.891,0.656,0.284
"1104","Slovenia",2013,5.975,10.385,0.932,69.8,0.89,0.036,0.918,0.635,0.274
"1105","Slovenia",2014,5.678,10.412,0.908,70,0.888,0.052,0.909,0.62,0.291
"1106","Slovenia",2015,5.741,10.433,0.901,70.2,0.896,0.008,0.892,0.659,0.261
"1107","Slovenia",2016,5.937,10.463,0.934,70.5,0.904,-0.055,0.838,0.626,0.272
"1108","Slovenia",2017,6.167,10.509,0.928,70.8,0.921,-0.025,0.829,0.615,0.286
"1109","Slovenia",2018,6.249,10.546,0.941,71.1,0.942,-0.119,0.839,0.644,0.275
"1110","Slovenia",2019,6.665,10.563,0.949,71.4,0.945,-0.102,0.785,0.679,0.228
"1111","Slovenia",2020,6.462,10.478,0.953,71.7,0.958,-0.081,0.797,0.61,0.314
"1117","South Africa",2011,4.931,9.447,0.858,51.46,0.835,-0.154,0.819,0.763,0.23
"1118","South Africa",2012,5.134,9.453,0.907,52.42,0.59,-0.163,0.838,0.761,0.178
"1119","South Africa",2013,3.661,9.461,0.839,53.38,0.714,-0.077,0.8,0.773,0.167
"1120","South Africa",2014,4.828,9.464,0.881,54.34,0.794,-0.117,0.82,0.798,0.243
"1121","South Africa",2015,4.887,9.46,0.898,55.3,0.862,-0.127,0.853,0.781,0.161
"1122","South Africa",2016,4.77,9.45,0.875,55.7,0.774,-0.07,0.813,0.786,0.301
"1123","South Africa",2017,4.514,9.45,0.87,56.1,0.787,-0.129,0.865,0.785,0.268
"1124","South Africa",2018,4.884,9.444,0.841,56.5,0.753,-0.05,0.841,0.812,0.283
"1125","South Africa",2019,5.035,9.432,0.848,56.9,0.738,-0.134,0.82,0.801,0.268
"1126","South Africa",2020,4.947,9.332,0.891,57.3,0.757,-0.015,0.912,0.82,0.294
"1127","South Korea",2011,6.947,10.475,0.809,71.66,0.682,-0.048,0.827,0.656,0.168
"1128","South Korea",2012,6.003,10.494,0.775,71.92,0.618,NA,0.844,0.664,0.206
"1129","South Korea",2013,5.959,10.52,0.797,72.18,0.642,-0.05,0.832,0.676,0.189
"1130","South Korea",2014,5.801,10.546,0.738,72.44,0.623,-0.043,0.834,0.653,0.283
"1131","South Korea",2015,5.78,10.568,0.768,72.7,0.616,-0.036,0.841,0.65,0.244
"1132","South Korea",2016,5.971,10.593,0.811,73,0.591,0.026,0.862,0.676,0.233
"1133","South Korea",2017,5.874,10.621,0.807,73.3,0.538,0.014,0.851,0.623,0.235
"1134","South Korea",2018,5.84,10.643,0.798,73.6,0.6,-0.089,0.797,0.661,0.217
"1135","South Korea",2019,5.903,10.661,0.783,73.9,0.706,-0.055,0.718,0.684,0.236
"1136","South Korea",2020,5.793,10.648,0.808,74.2,0.711,-0.106,0.665,0.64,0.247
"1141","Spain",2011,6.518,10.518,0.944,73.02,0.819,-0.122,0.846,0.737,0.356
"1142","Spain",2012,6.291,10.487,0.937,73.14,0.755,-0.059,0.844,0.749,0.366
"1143","Spain",2013,6.15,10.476,0.929,73.26,0.759,-0.101,0.916,0.696,0.372
"1144","Spain",2014,6.456,10.492,0.948,73.38,0.738,-0.028,0.854,0.716,0.335
"1145","Spain",2015,6.381,10.531,0.956,73.5,0.732,-0.072,0.822,0.732,0.285
"1146","Spain",2016,6.319,10.56,0.942,73.8,0.768,-0.048,0.819,0.653,0.301
"1147","Spain",2017,6.23,10.586,0.903,74.1,0.756,-0.032,0.791,0.625,0.302
"1148","Spain",2018,6.513,10.605,0.91,74.4,0.722,-0.075,0.777,0.659,0.357
"1149","Spain",2019,6.457,10.618,0.949,74.7,0.778,-0.049,0.73,0.663,0.316
"1150","Spain",2020,6.502,10.488,0.935,75,0.783,-0.121,0.73,0.686,0.317
"1166","Sweden",2011,7.382,10.814,0.921,71.98,0.941,0.161,0.269,0.815,0.179
"1167","Sweden",2012,7.56,10.8,0.929,72.06,0.944,0.132,0.254,0.855,0.17
"1168","Sweden",2013,7.434,10.804,0.916,72.14,0.936,0.159,0.324,0.829,0.184
"1169","Sweden",2014,7.239,10.82,0.933,72.22,0.945,0.202,0.25,0.836,0.208
"1170","Sweden",2015,7.289,10.853,0.929,72.3,0.935,0.211,0.232,0.818,0.191
"1171","Sweden",2016,7.369,10.861,0.912,72.4,0.918,0.146,0.246,0.816,0.201
"1172","Sweden",2017,7.287,10.873,0.914,72.5,0.935,0.17,0.239,0.814,0.175
"1173","Sweden",2018,7.375,10.881,0.931,72.6,0.942,0.077,0.263,0.823,0.161
"1174","Sweden",2019,7.398,10.882,0.934,72.7,0.942,0.091,0.25,0.826,0.202
"1175","Sweden",2020,7.314,10.838,0.936,72.8,0.951,0.091,0.203,0.766,0.222
"1188","Taiwan Province of China",2011,6.309,10.705,0.863,NA,0.761,0.035,0.755,0.827,0.112
"1189","Taiwan Province of China",2012,6.126,10.716,0.825,NA,0.698,0.022,0.803,0.821,0.14
"1190","Taiwan Province of China",2013,6.34,10.75,0.817,NA,0.69,0.002,0.841,0.846,0.124
"1191","Taiwan Province of China",2014,6.363,10.798,0.87,NA,0.693,0.092,0.866,0.849,0.108
"1192","Taiwan Province of China",2015,6.45,10.842,0.885,NA,0.701,0.019,0.857,0.832,0.129
"1193","Taiwan Province of China",2016,6.513,10.855,0.895,NA,0.719,-0.049,0.811,0.833,0.108
"1194","Taiwan Province of China",2017,6.359,10.871,0.891,NA,0.76,-0.07,0.743,0.837,0.114
"1195","Taiwan Province of China",2018,6.467,NA,0.896,NA,0.741,NA,0.736,0.848,0.093
"1196","Taiwan Province of China",2019,6.537,NA,0.893,NA,0.814,NA,0.718,0.86,0.093
"1197","Taiwan Province of China",2020,6.751,NA,0.901,NA,0.799,NA,0.711,0.845,0.083
"1198","Tajikistan",2011,4.263,7.772,0.751,62.56,0.776,-0.119,0.672,0.698,0.166
"1199","Tajikistan",2012,4.497,7.821,0.729,62.72,0.749,-0.073,0.717,0.714,0.198
"1200","Tajikistan",2013,4.967,7.87,0.701,62.88,0.693,0.063,0.764,0.677,0.17
"1201","Tajikistan",2014,4.896,7.911,0.81,63.04,0.853,0.002,0.698,0.656,0.196
"1202","Tajikistan",2015,5.124,7.945,0.844,63.2,0.847,0.022,0.742,0.689,0.196
"1203","Tajikistan",2016,5.104,7.987,0.857,63.5,0.703,0.01,0.632,0.644,0.22
"1204","Tajikistan",2017,5.829,8.036,0.663,63.8,0.832,0.124,0.718,0.603,0.278
"1205","Tajikistan",2018,5.497,8.082,0.875,64.1,NA,-0.065,0.578,0.695,0.22
"1206","Tajikistan",2019,5.464,8.126,0.88,64.4,NA,-0.045,0.49,0.729,0.178
"1207","Tajikistan",2020,5.373,8.08,0.79,64.7,NA,-0.04,0.55,0.749,0.344
"1208","Tanzania",2011,4.074,7.649,0.883,53.04,0.736,-0.046,0.816,0.765,0.145
"1209","Tanzania",2012,4.007,7.663,0.832,53.78,0.577,0.213,0.887,0.679,0.195
"1210","Tanzania",2013,3.852,7.699,0.803,54.52,0.654,0.054,0.859,0.738,0.191
"1211","Tanzania",2014,3.483,7.734,0.789,55.26,0.654,0.11,0.878,0.731,0.241
"1212","Tanzania",2015,3.661,7.764,0.79,56,0.759,0.149,0.906,0.619,0.192
"1213","Tanzania",2016,2.903,7.8,0.638,56.5,0.775,0.179,0.739,0.694,0.246
"1214","Tanzania",2017,3.347,7.836,0.705,57,0.8,0.116,0.654,0.715,0.255
"1215","Tanzania",2018,3.445,7.859,0.675,57.5,0.807,0.153,0.612,0.762,0.221
"1216","Tanzania",2019,3.64,7.886,0.687,58,0.85,0.1,0.589,0.726,0.243
"1217","Tanzania",2020,3.786,7.881,0.74,58.5,0.83,0.295,0.521,0.686,0.271
"1218","Thailand",2011,6.664,9.579,0.884,65.72,0.927,0.4,0.923,0.934,0.117
"1219","Thailand",2012,6.3,9.645,0.906,65.94,0.847,0.38,0.909,0.855,0.138
"1220","Thailand",2013,6.231,9.667,0.926,66.16,0.781,0.456,0.925,0.846,0.141
"1221","Thailand",2014,6.985,9.672,0.933,66.38,0.9,0.553,0.92,0.811,0.169
"1222","Thailand",2015,6.202,9.699,0.866,66.6,0.885,0.316,0.914,0.91,0.174
"1223","Thailand",2016,6.074,9.729,0.908,66.8,0.924,0.356,0.878,0.835,0.218
"1224","Thailand",2017,5.939,9.765,0.877,67,0.923,0.212,0.884,0.816,0.232
"1225","Thailand",2018,6.012,9.803,0.873,67.2,0.905,0.259,0.907,0.843,0.198
"1226","Thailand",2019,6.022,9.824,0.903,67.4,0.898,0.309,0.877,0.843,0.208
"1227","Thailand",2020,5.885,9.769,0.867,67.6,0.84,0.273,0.918,0.783,0.326
"1238","Tunisia",2011,4.876,9.192,0.715,65.28,0.603,-0.199,0.913,0.588,0.248
"1239","Tunisia",2012,4.464,9.222,0.614,65.46,0.568,-0.176,0.899,0.521,0.327
"1240","Tunisia",2013,5.246,9.24,0.648,65.64,0.536,-0.207,0.886,0.517,0.239
"1241","Tunisia",2014,4.764,9.26,0.68,65.82,0.589,-0.232,0.783,0.503,0.321
"1242","Tunisia",2015,5.132,9.261,0.609,66,0.711,-0.226,0.815,0.573,0.32
"1243","Tunisia",2016,4.521,9.262,0.702,66.3,0.614,-0.165,0.811,0.612,0.378
"1244","Tunisia",2017,4.124,9.269,0.717,66.6,0.478,-0.219,0.869,0.421,0.377
"1245","Tunisia",2018,4.741,9.284,0.733,66.9,0.65,-0.191,0.84,0.592,0.365
"1246","Tunisia",2019,4.315,9.283,0.61,67.2,0.659,-0.209,0.889,0.539,0.433
"1247","Tunisia",2020,4.731,9.231,0.719,67.5,0.668,-0.202,0.877,0.585,0.439
"1248","Turkey",2011,5.272,9.996,0.692,64.64,0.446,-0.242,0.649,0.621,0.38
"1249","Turkey",2012,5.309,10.026,0.739,64.88,0.471,-0.216,0.702,0.645,0.335
"1250","Turkey",2013,4.888,10.091,0.795,65.12,0.541,-0.229,0.698,0.635,0.392
"1251","Turkey",2014,5.58,10.124,0.863,65.36,0.649,-0.024,0.764,0.483,0.377
"1252","Turkey",2015,5.514,10.166,0.851,65.6,0.653,-0.016,0.806,0.46,0.382
"1253","Turkey",2016,5.326,10.181,0.88,66,0.644,-0.065,0.764,0.465,0.39
"1254","Turkey",2017,5.607,10.238,0.876,66.4,0.644,-0.237,0.671,0.45,0.313
"1255","Turkey",2018,5.186,10.251,0.847,66.8,0.529,-0.176,0.805,0.435,0.351
"1256","Turkey",2019,4.872,10.246,0.792,67.2,0.631,-0.136,0.76,0.422,0.368
"1257","Turkey",2020,4.862,10.219,0.857,67.6,0.51,-0.111,0.774,0.384,0.44
"1267","Uganda",2011,4.826,7.586,0.882,51.22,0.733,0.032,0.83,0.678,0.254
"1268","Uganda",2012,4.309,7.592,0.885,52.04,0.649,0.081,0.838,0.754,0.265
"1269","Uganda",2013,3.71,7.595,0.878,52.86,0.763,0.053,0.82,0.676,0.346
"1270","Uganda",2014,3.77,7.611,0.821,53.68,0.834,0.009,0.898,0.681,0.397
"1271","Uganda",2015,4.238,7.627,0.747,54.5,0.758,0.135,0.873,0.703,0.353
"1272","Uganda",2016,4.233,7.637,0.754,54.9,0.739,0.132,0.811,0.668,0.41
"1273","Uganda",2017,4.001,7.638,0.74,55.3,0.772,0.06,0.816,0.703,0.4
"1274","Uganda",2018,4.322,7.66,0.74,55.7,0.729,0.079,0.856,0.685,0.39
"1275","Uganda",2019,4.948,7.688,0.805,56.1,0.704,0.139,0.826,0.693,0.385
"1276","Uganda",2020,4.641,7.684,0.8,56.5,0.687,0.147,0.878,0.699,0.425
"1277","Ukraine",2011,5.083,9.431,0.859,62.5,0.579,-0.228,0.933,0.59,0.22
"1278","Ukraine",2012,5.03,9.436,0.898,62.8,0.564,-0.223,0.896,0.57,0.193
"1279","Ukraine",2013,4.711,9.438,0.897,63.1,0.569,-0.216,0.937,0.643,0.225
"1280","Ukraine",2014,4.297,9.426,0.877,63.4,0.533,0.084,0.927,0.594,0.249
"1281","Ukraine",2015,3.965,9.327,0.909,63.7,0.431,-0.033,0.952,0.574,0.241
"1282","Ukraine",2016,4.029,9.353,0.885,64,0.503,0.011,0.891,0.589,0.22
"1283","Ukraine",2017,4.311,9.382,0.858,64.3,0.599,-0.002,0.937,0.597,0.235
"1284","Ukraine",2018,4.662,9.42,0.901,64.6,0.663,-0.074,0.943,0.609,0.222
"1285","Ukraine",2019,4.702,9.458,0.883,64.9,0.715,-0.081,0.885,0.634,0.201
"1286","Ukraine",2020,5.27,9.428,0.885,65.2,0.784,0.126,0.946,0.688,0.285
"1287","United Arab Emirates",2011,7.119,10.935,0.881,66.42,0.889,0.071,NA,0.763,0.216
"1288","United Arab Emirates",2012,7.218,10.958,0.856,66.44,0.92,NA,NA,0.768,0.224
"1289","United Arab Emirates",2013,6.621,11.001,0.864,66.46,0.936,NA,NA,NA,0.291
"1290","United Arab Emirates",2014,6.54,11.041,NA,66.48,NA,NA,NA,NA,NA
"1291","United Arab Emirates",2015,6.568,11.086,0.824,66.5,0.915,0.201,NA,0.761,0.296
"1292","United Arab Emirates",2016,6.831,11.105,0.849,66.7,0.949,0.131,NA,0.775,0.245
"1293","United Arab Emirates",2017,7.039,11.115,0.836,66.9,0.962,0.216,NA,0.795,0.208
"1294","United Arab Emirates",2018,6.604,11.112,0.851,67.1,0.944,0.054,NA,0.787,0.302
"1295","United Arab Emirates",2019,6.711,11.114,0.862,67.3,0.911,0.129,NA,0.793,0.284
"1296","United Arab Emirates",2020,6.458,11.053,0.827,67.5,0.942,0.06,NA,0.752,0.298
"1297","United Kingdom",2011,6.869,10.657,0.949,71.38,0.9,0.336,0.438,0.844,0.174
"1298","United Kingdom",2012,6.881,10.664,0.935,71.46,0.889,0.371,0.425,0.844,0.184
"1299","United Kingdom",2013,6.918,10.679,0.937,71.54,0.905,0.346,0.568,0.776,0.252
"1300","United Kingdom",2014,6.758,10.697,0.91,71.62,0.857,0.355,0.484,0.794,0.251
"1301","United Kingdom",2015,6.515,10.712,0.936,71.7,0.833,0.3,0.456,0.798,0.219
"1302","United Kingdom",2016,6.824,10.724,0.954,71.9,0.821,0.25,0.458,0.776,0.23
"1303","United Kingdom",2017,7.103,10.736,0.937,72.1,0.813,0.291,0.419,0.759,0.21
"1304","United Kingdom",2018,7.233,10.743,0.928,72.3,0.838,0.226,0.404,0.783,0.228
"1305","United Kingdom",2019,7.157,10.751,0.943,72.5,0.854,0.271,0.485,0.775,0.251
"1306","United Kingdom",2020,6.798,10.626,0.929,72.7,0.885,0.203,0.49,0.758,0.225
"1307","United States",2011,7.115,10.913,0.922,68.68,0.863,0.161,0.697,0.836,0.273
"1308","United States",2012,7.026,10.928,0.903,68.66,0.823,0.215,0.71,0.834,0.26
"1309","United States",2013,7.249,10.939,0.925,68.64,0.792,0.274,0.747,0.814,0.26
"1310","United States",2014,7.151,10.956,0.902,68.62,0.866,0.221,0.702,0.834,0.281
"1311","United States",2015,6.864,10.977,0.904,68.6,0.849,0.219,0.698,0.814,0.275
"1312","United States",2016,6.804,10.986,0.897,68.5,0.758,0.144,0.739,0.806,0.264
"1313","United States",2017,6.992,11.001,0.921,68.4,0.868,0.197,0.681,0.827,0.268
"1314","United States",2018,6.883,11.025,0.904,68.3,0.825,0.116,0.71,0.815,0.292
"1315","United States",2019,6.944,11.043,0.917,68.2,0.836,0.144,0.707,0.815,0.244
"1316","United States",2020,7.028,11.001,0.937,68.1,0.85,0.034,0.678,0.787,0.295
"1317","Uruguay",2011,6.554,9.83,0.891,68.14,0.851,-0.08,0.556,0.805,0.252
"1318","Uruguay",2012,6.45,9.861,0.865,68.28,0.871,0.067,0.615,0.788,0.214
"1319","Uruguay",2013,6.444,9.904,0.917,68.42,0.888,-0.043,0.586,0.826,0.253
"1320","Uruguay",2014,6.561,9.932,0.902,68.56,0.904,-0.073,0.533,0.869,0.251
"1321","Uruguay",2015,6.628,9.932,0.891,68.7,0.917,-0.032,0.673,0.893,0.3
"1322","Uruguay",2016,6.171,9.946,0.9,68.8,0.886,-0.072,0.676,0.842,0.283
"1323","Uruguay",2017,6.336,9.968,0.914,68.9,0.898,-0.091,0.627,0.836,0.28
"1324","Uruguay",2018,6.372,9.98,0.917,69,0.876,-0.097,0.683,0.877,0.275
"1325","Uruguay",2019,6.6,9.979,0.933,69.1,0.903,-0.095,0.599,0.889,0.222
"1326","Uruguay",2020,6.31,9.937,0.921,69.2,0.908,-0.084,0.491,0.807,0.265
"1336","Venezuela",2011,6.58,9.822,0.931,65.74,0.766,-0.226,0.772,0.828,0.199
"1337","Venezuela",2012,7.067,9.826,0.932,65.78,0.804,-0.193,0.743,0.858,0.176
"1338","Venezuela",2013,6.553,9.739,0.896,65.82,0.642,-0.22,0.837,0.84,0.238
"1339","Venezuela",2014,6.136,9.557,0.904,65.86,0.57,-0.199,0.827,0.811,0.244
"1340","Venezuela",2015,5.569,9.001,0.911,65.9,0.512,-0.117,0.813,0.867,0.223
"1341","Venezuela",2016,4.041,9.01,0.902,66.1,0.458,-0.155,0.89,0.688,0.392
"1342","Venezuela",2017,5.071,9.073,0.896,66.3,0.636,-0.169,0.844,0.726,0.363
"1343","Venezuela",2018,5.006,NA,0.887,66.5,0.611,NA,0.828,0.759,0.374
"1344","Venezuela",2019,5.081,NA,0.888,66.7,0.626,NA,0.839,0.761,0.351
"1345","Venezuela",2020,4.574,NA,0.805,66.9,0.612,NA,0.811,0.722,0.396
"1364","Zambia",2011,4.999,8.071,0.864,50.84,0.663,0.003,0.882,0.833,0.204
"1365","Zambia",2012,5.013,8.114,0.78,51.58,0.788,0.008,0.806,0.726,0.25
"1366","Zambia",2013,5.244,8.131,0.761,52.32,0.77,-0.104,0.732,0.735,0.308
"1367","Zambia",2014,4.346,8.146,0.706,53.06,0.812,-0.011,0.809,0.692,0.327
"1368","Zambia",2015,4.843,8.144,0.691,53.8,0.759,-0.039,0.871,0.69,0.382
"1369","Zambia",2016,4.348,8.151,0.767,54.3,0.812,0.122,0.771,0.731,0.372
"1370","Zambia",2017,3.933,8.156,0.744,54.8,0.823,0.14,0.74,0.685,0.387
"1371","Zambia",2018,4.041,8.167,0.718,55.3,0.791,0.048,0.811,0.703,0.351
"1372","Zambia",2019,3.307,8.155,0.638,55.8,0.811,0.077,0.832,0.743,0.394
"1373","Zambia",2020,4.838,8.117,0.767,56.3,0.75,0.056,0.81,0.691,0.345
"1374","Zimbabwe",2011,4.846,7.846,0.865,48.12,0.633,-0.088,0.83,0.781,0.211
"1375","Zimbabwe",2012,4.955,7.983,0.896,49.54,0.47,-0.103,0.859,0.669,0.177
"1376","Zimbabwe",2013,4.69,7.985,0.799,50.96,0.576,-0.104,0.831,0.712,0.182
"1377","Zimbabwe",2014,4.184,7.991,0.766,52.38,0.642,-0.074,0.82,0.725,0.239
"1378","Zimbabwe",2015,3.703,7.992,0.736,53.8,0.667,-0.123,0.81,0.715,0.179
"1379","Zimbabwe",2016,3.735,7.984,0.768,54.4,0.733,-0.095,0.724,0.738,0.209
"1380","Zimbabwe",2017,3.638,8.016,0.754,55,0.753,-0.098,0.751,0.806,0.224
"1381","Zimbabwe",2018,3.616,8.049,0.775,55.6,0.763,-0.068,0.844,0.71,0.212
"1382","Zimbabwe",2019,2.694,7.95,0.759,56.2,0.632,-0.064,0.831,0.716,0.235
"1383","Zimbabwe",2020,3.16,7.829,0.717,56.8,0.643,-0.009,0.789,0.703,0.346
